sector,corr_ira_era,corr_full_sample,lag_ira_era,lag_full_sample,corr_change
Carbon,0.363559945535179,-0.1742305606337613,-7,4,0.5377905061689403
Industrial,0.4968224641785287,0.2236368886184022,-7,-1,0.2731855755601265
Transportation,0.2862928442543109,0.1419119337308254,-7,-10,0.1443809105234855
Climate_Mgmt,-0.3263050288392854,-0.1433634065894464,4,4,-0.182941622249839
Food_Land_Use,-0.3371396415436464,0.1133406057439639,4,-4,-0.45048024728761027
Built_Environment,-0.3569557441360746,0.2294178575182775,4,-1,-0.5863736016543522
Energy,-0.4188917319657246,0.1858746555571764,3,-10,-0.604766387522901
