sector,impl_correlation,impl_lag,impl_abs,reversal_correlation,reversal_lag,reversal_abs,asymmetry_ratio,dominant_type
Carbon,0.2456618335279454,-7,0.2456618335279454,-0.6355388657283739,6,0.6355388657283739,-0.4424384053819538,reversal
Climate_Mgmt,0.27414632592328864,-10,0.27414632592328864,-0.6800291939704975,7,0.6800291939704975,-0.4253754781849671,reversal
Transportation,0.2804724743694865,-10,0.2804724743694865,-0.6683914635833468,4,0.6683914635833468,-0.4088246730619698,reversal
Food_Land_Use,0.2994970691665008,11,0.2994970691665008,-0.6825370710237062,4,0.6825370710237062,-0.390047541303417,reversal
Energy,0.2997770827469985,-1,0.2997770827469985,-0.5381238443304117,4,0.5381238443304117,-0.28445697323043223,reversal
Built_Environment,0.3370301987473491,-1,0.3370301987473491,-0.45703294822317564,9,0.45703294822317564,-0.1511249450798162,reversal
Industrial,0.3052579748430175,-1,0.3052579748430175,-0.3890547673387788,9,0.3890547673387788,-0.12069027025550438,reversal
