sector,impl_correlation,impl_lag,impl_abs,reversal_correlation,reversal_lag,reversal_abs,asymmetry_ratio,dominant_type
Climate_Mgmt,-0.2793809451198131,4,0.2793809451198131,-0.5587951374584744,7,0.5587951374584744,-0.3333597774338346,reversal
Transportation,0.2855820306487791,-10,0.2855820306487791,-0.438273546226926,10,0.438273546226926,-0.21094196198251564,reversal
Food_Land_Use,-0.3114520395532633,4,0.3114520395532633,-0.4725711495233477,7,0.4725711495233477,-0.20550299049170173,reversal
Built_Environment,-0.2990924439388388,4,0.2990924439388388,0.3751707487304693,-4,0.3751707487304693,-0.11283176305449467,reversal
Energy,0.41902362040049834,-7,0.41902362040049834,0.4496942716112583,-4,0.4496942716112583,-0.0353056515731863,balanced
Carbon,0.39516611949881425,-7,0.39516611949881425,-0.3303386582675477,4,0.3303386582675477,0.08935497493325022,balanced
Industrial,0.5249865220339143,-7,0.5249865220339143,0.3454752709260247,-4,0.3454752709260247,0.2062253077156612,implementation
